uniqueID,sentenceType,isOrig,p_m1_given_w,p_m2_given_w,entropy
1,pun,0,0.10213728493,0.89786271507,0.329753849653
2,pun,0,0.807964461322,0.192035538678,0.489161091648
